  {
    "name": "Fan Out Pads with GUI",
    "description": "Fans out pads from selected footprints using via and trace configuration.",
    "version": "1.0.0",
    "author": "Wayri",
    "license": "GNU GPL V3",
    "url": "https://github.com/wayri/KiCAD_Plugins/tree/develop",
    "download_url": "https://github.com/wayri/KiCAD_Plugins/blob/develop/BGA%20Fanout%20Plugin/release/fanout_plugin.zip",
    "keywords": ["routing", "fanout", "vias"],
    "plugin_class": "plugin.FanOutPlugin",
    "dependencies": []
  }
  